{
    "Simple_ANN": {
        "accuracy": 0.8548387096774194,
        "sensitivity": 0.9444444444444444,
        "specificity": 0.25,
        "precision": 0.8947368421052632,
        "f1_score": 0.918918918918919,
        "balanced_accuracy": 0.5972222222222222,
        "mcc": 0.23939494881986928,
        "kappa": 0.23140495867768596,
        "roc_auc": 0.6527777777777778,
        "pr_auc": 0.9223110106872314,
        "confusion_matrix": [
            [
                2,
                6
            ],
            [
                3,
                51
            ]
        ],
        "tp": 51,
        "tn": 2,
        "fp": 6,
        "fn": 3
    },
    "Deep_ANN": {
        "accuracy": 0.8709677419354839,
        "sensitivity": 0.8703703703703703,
        "specificity": 0.875,
        "precision": 0.9791666666666666,
        "f1_score": 0.9215686274509804,
        "balanced_accuracy": 0.8726851851851851,
        "mcc": 0.5976258326097268,
        "kappa": 0.5649122807017544,
        "roc_auc": 0.9212962962962964,
        "pr_auc": 0.9870505135799393,
        "confusion_matrix": [
            [
                7,
                1
            ],
            [
                7,
                47
            ]
        ],
        "tp": 47,
        "tn": 7,
        "fp": 1,
        "fn": 7
    },
    "Advanced_ANN": {
        "accuracy": 0.8709677419354839,
        "sensitivity": 0.8518518518518519,
        "specificity": 1.0,
        "precision": 1.0,
        "f1_score": 0.92,
        "balanced_accuracy": 0.9259259259259259,
        "mcc": 0.6526300069150407,
        "kappa": 0.5974025974025974,
        "roc_auc": 0.9398148148148149,
        "pr_auc": 0.9915275807697131,
        "confusion_matrix": [
            [
                8,
                0
            ],
            [
                8,
                46
            ]
        ],
        "tp": 46,
        "tn": 8,
        "fp": 0,
        "fn": 8
    },
    "Regularized_ANN": {
        "accuracy": 0.9032258064516129,
        "sensitivity": 0.9074074074074074,
        "specificity": 0.875,
        "precision": 0.98,
        "f1_score": 0.9423076923076924,
        "balanced_accuracy": 0.8912037037037037,
        "mcc": 0.6638947001140363,
        "kappa": 0.6450381679389312,
        "roc_auc": 0.951388888888889,
        "pr_auc": 0.9930846193115239,
        "confusion_matrix": [
            [
                7,
                1
            ],
            [
                5,
                49
            ]
        ],
        "tp": 49,
        "tn": 7,
        "fp": 1,
        "fn": 5
    },
    "Random_Forest": {
        "accuracy": 0.9193548387096774,
        "sensitivity": 0.9259259259259259,
        "specificity": 0.875,
        "precision": 0.9803921568627451,
        "f1_score": 0.9523809523809523,
        "balanced_accuracy": 0.900462962962963,
        "mcc": 0.7028340520777422,
        "kappa": 0.6906187624750499,
        "roc_auc": 0.9444444444444445,
        "pr_auc": 0.9923567574528217,
        "confusion_matrix": [
            [
                7,
                1
            ],
            [
                4,
                50
            ]
        ],
        "tp": 50,
        "tn": 7,
        "fp": 1,
        "fn": 4
    }
}