Model,Accuracy,Sensitivity,Specificity,Precision,F1-Score,ROC-AUC,PR-AUC,MCC,Balanced Accuracy
Regularized_ANN,0.9032258064516129,0.9074074074074074,0.875,0.98,0.9423076923076924,0.951388888888889,0.9930846193115239,0.6638947001140363,0.8912037037037037
Random_Forest,0.9193548387096774,0.9259259259259259,0.875,0.9803921568627451,0.9523809523809523,0.9444444444444445,0.9923567574528217,0.7028340520777422,0.900462962962963
Advanced_ANN,0.8709677419354839,0.8518518518518519,1.0,1.0,0.92,0.9398148148148149,0.9915275807697131,0.6526300069150407,0.9259259259259259
Deep_ANN,0.8709677419354839,0.8703703703703703,0.875,0.9791666666666666,0.9215686274509804,0.9212962962962964,0.9870505135799393,0.5976258326097268,0.8726851851851851
Simple_ANN,0.8548387096774194,0.9444444444444444,0.25,0.8947368421052632,0.918918918918919,0.6527777777777778,0.9223110106872314,0.23939494881986928,0.5972222222222222
